{"loss": 0.016312681138515472, "lr": 5e-06, "_timestamp": 1686227061.8243098, "_runtime": 956.1710739135742, "_step": 400, "_wandb": {"runtime": 975}}