{"loss": 0.003961841110140085, "lr": 0.0, "step": 1700, "_timestamp": 1686160856.4974387, "_runtime": 996.5450415611267, "_step": 1700, "test_samples": {"_type": "images/separated", "width": 64, "height": 64, "format": "png", "count": 16, "filenames": ["media/images/test_samples_1700_b15b3862d1a33dd88ebe.png", "media/images/test_samples_1700_c07724bc1b4d31eb10ba.png", "media/images/test_samples_1700_24f3f35656d0c138ed7a.png", "media/images/test_samples_1700_3091b77374863635e6d9.png", "media/images/test_samples_1700_28f33eed71584fa2bc9f.png", "media/images/test_samples_1700_f86179a7b4180312511c.png", "media/images/test_samples_1700_7cb1dc624d3581570259.png", "media/images/test_samples_1700_760fa4e8c0e8d30627de.png", "media/images/test_samples_1700_cced9b5e33a4bf83da48.png", "media/images/test_samples_1700_71f414b7d5e4da93e5bd.png", "media/images/test_samples_1700_d00faf07809d7c9c9bd0.png", "media/images/test_samples_1700_bbfb44570909282635b5.png", "media/images/test_samples_1700_2cdfcaedffefeee48877.png", "media/images/test_samples_1700_ba3d6edbf68c292f0c74.png", "media/images/test_samples_1700_83ffa57054b63d76d071.png", "media/images/test_samples_1700_6a6bdbdfd55d73c769d7.png"]}, "epoch": 99, "_wandb": {"runtime": 996}}